URL handle,Title,Description,Vendor,Product category,Type,Tags,Published on online store,Status,SKU,Option1 name,Option1 value,Price,Requires shipping,Charge tax,Collection
ga2100-compatible-tempered-glass-protector-pack,GA2100-Compatible Tempered Glass Protector Pack,Aftermarket tempered-glass screen protector for compatible watch faces. Position as an inexpensive protection add-on or bundle extra. Verify exact model fit before publishing. Compatible-with references identify fit only. Aftermarket item; not manufactured or endorsed by Casio unless separately verified.,Your Store,Apparel & Accessories > Jewelry > Watch Accessories,Protection,"dropship, aftermarket, watch-accessory, protection",false,draft,DS-GLASS-001,Title,Default Title,8.99,true,true,Dropship Accessories
watch-link-removal-tool,Watch Link Removal Tool,Compact tool for resizing compatible metal watch bracelets. Useful as an add-on to steel mod kits. Supplier pricing can vary by option; confirm the selected variant before listing. Compatible-with references identify fit only. Aftermarket item; not manufactured or endorsed by Casio unless separately verified.,Your Store,Apparel & Accessories > Jewelry > Watch Accessories,Tools,"dropship, aftermarket, watch-accessory, tools",false,draft,DS-TOOL-001,Title,Default Title,9.99,true,true,Dropship Accessories
watch-band-adjustment-kit,Watch Band Adjustment Kit,"Watch band adjustment kit. Supplier listing contains multiple kit variants, so verify which tool set corresponds to your chosen cost before importing it to a live store. Compatible-with references identify fit only. Aftermarket item; not manufactured or endorsed by Casio unless separately verified.",Your Store,Apparel & Accessories > Jewelry > Watch Accessories,Tools,"dropship, aftermarket, watch-accessory, tools",false,draft,DS-TOOL-002,Title,Default Title,12.99,true,true,Dropship Accessories
ga2100-compatible-gen4-metal-plus-rubber-mod-kit,GA2100-Compatible GEN4 Metal + Rubber Mod Kit,"Aftermarket conversion kit for compatible GA2100-family modules. Confirm fit, finish, included hardware, and color variant before publishing. Not manufactured or endorsed by Casio. Compatible-with references identify fit only. Aftermarket item; not manufactured or endorsed by Casio unless separately verified.",Your Store,Apparel & Accessories > Jewelry > Watch Accessories,Mod Kits,"dropship, aftermarket, watch-accessory, mod-kits",false,draft,DS-MOD-001,Title,Default Title,79.99,true,true,Dropship Accessories
ga2100-compatible-gen4-stainless-mod-kit,GA2100-Compatible GEN4 Stainless Mod Kit,"Aftermarket GEN4-style metal conversion kit. Good candidate for multiple finish variants. Verify the exact supplier option, finish, and model compatibility before publishing. Compatible-with references identify fit only. Aftermarket item; not manufactured or endorsed by Casio unless separately verified.",Your Store,Apparel & Accessories > Jewelry > Watch Accessories,Mod Kits,"dropship, aftermarket, watch-accessory, mod-kits",false,draft,DS-MOD-002,Title,Default Title,89.99,true,true,Dropship Accessories
ga2100-compatible-steel-case-plus-bracelet-kit,GA2100-Compatible Steel Case + Bracelet Kit,"Full aftermarket stainless case and bracelet conversion. Higher-ticket product with more room for premium presentation, but inspect finishing, screws, clasp quality, and fit before selling. Compatible-with references identify fit only. Aftermarket item; not manufactured or endorsed by Casio unless separately verified.",Your Store,Apparel & Accessories > Jewelry > Watch Accessories,Mod Kits,"dropship, aftermarket, watch-accessory, mod-kits",false,draft,DS-MOD-003,Title,Default Title,149.99,true,true,Dropship Accessories
ga2100-compatible-steel-bezel-plus-rubber-strap-kit,GA2100-Compatible Steel Bezel + Rubber Strap Kit,Aftermarket stainless bezel/case with silicone or rubber-style strap. Verify material claims and exact included parts before advertising. Compatible-with references identify fit only. Aftermarket item; not manufactured or endorsed by Casio unless separately verified.,Your Store,Apparel & Accessories > Jewelry > Watch Accessories,Mod Kits,"dropship, aftermarket, watch-accessory, mod-kits",false,draft,DS-MOD-004,Title,Default Title,129.99,true,true,Dropship Accessories
ga2100-compatible-retro-carved-steel-mod-kit,GA2100-Compatible Retro Carved Steel Mod Kit,Decorative aftermarket metal conversion with a carved finish. Best positioned as a statement mod. Confirm finish durability and real product photography before publishing. Compatible-with references identify fit only. Aftermarket item; not manufactured or endorsed by Casio unless separately verified.,Your Store,Apparel & Accessories > Jewelry > Watch Accessories,Mod Kits,"dropship, aftermarket, watch-accessory, mod-kits",false,draft,DS-MOD-005,Title,Default Title,139.99,true,true,Dropship Accessories
hard-shell-single-watch-travel-case,Hard-Shell Single Watch Travel Case,Protective travel/storage case. Confirm the selected supplier variant and internal dimensions before using it as a G-SHOCK bundle accessory. Compatible-with references identify fit only. Aftermarket item; not manufactured or endorsed by Casio unless separately verified.,Your Store,Apparel & Accessories > Jewelry > Watch Accessories,Storage,"dropship, aftermarket, watch-accessory, storage",false,draft,DS-CASE-001,Title,Default Title,24.99,true,true,Dropship Accessories
